Chiori,2024-03-22
Xianyun,2024-02-18
Gaming,2024-02-05
Chevreuse,2024-01-13
Navia,2023-12-20
Furina,2023-11-08
Charlotte,2023-11-08
Freminet,2023-09-12
Lyney,2023-09-03
Lynette,2023-08-16
Kirara,2023-05-24
Kaveh,2023-05-05
Mika,2023-07-08
Dehya,2023-06-26
Yaoyao,2023-02-03
Wanderer,2022-12-10
Faruzan,2022-12-08
Layla,2023-03-02
Nahida,2023-04-15
Cyno,2023-03-19
Candace,2023-12-20
Dori,2022-09-09
Tighnari,2022-11-04
Collei,2022-08-24
Shikanoin Heizou,2023-06-17
Kuki Shinobu,2022-09-28
Yelan,2022-06-05
Kamisato Ayato,2022-04-09
Yun Jin,2022-04-09
Arataki Itto,2022-06-22
Gorou,2022-12-10
Thoma,2022-02-22
Sangonomiya Kokomi,2023-07-26
Raiden Shogun,2023-01-07
Kujou Sara,2022-04-01
Sayu,2022-04-21
Kamisato Ayaka,2022-05-20
Kaedehara Kazuha,2023-06-26
Yanfei,2022-05-31
Rosaria,2022-05-08
Xiao,2023-02-03
Ganyu,2022-09-09
Zhongli,2022-08-24
Xinyan,2022-06-13
Diona,2022-08-24
Venti,2022-10-14
Keqing,2023-10-01
Mona,2023-02-03
Qiqi,2022-04-21
Jean,2022-05-13
Sucrose,2022-03-31
Chongyun,2022-11-02
Noelle,2022-02-03
Bennett,2022-05-08
Fischl,2022-08-02
Ningguang,2022-05-21
Xingqiu,2022-04-17
Beidou,2022-02-07
Xiangling,2022-02-05
Razor,2022-04-24
Barbara,2022-02-13
Lisa,2022-02-03
Kaeya,2022-02-03
Amber,2022-02-03
